,i,name,type1,type2,v_a,v_b,v_c,v_d,v_h,v_s
0,1,フシギダネ,くさ,どく,49,49,65,65,45,45
1,2,フシギソウ,くさ,どく,62,63,80,80,60,60
2,3,フシギバナ,くさ,どく,82,83,100,100,80,80
3,003-1,メガフシギバナ,くさ,どく,100,123,122,120,80,80
4,4,ヒトカゲ,ほのお,,52,43,60,50,39,65
5,5,リザード,ほのお,,64,58,80,65,58,80
6,6,リザードン,ほのお,ひこう,84,78,109,85,78,100
7,006-1,メガリザードンX,ほのお,ドラゴン,130,111,130,85,78,100
8,006-2,メガリザードンY,ほのお,ひこう,104,78,159,115,78,100
9,7,ゼニガメ,みず,,48,65,50,64,44,43
10,8,カメール,みず,,63,80,65,80,59,58
11,9,カメックス,みず,,83,100,85,105,79,78
12,009-1,メガカメックス,みず,,103,120,135,115,79,78
13,10,キャタピー,むし,,30,35,20,20,45,45
14,11,トランセル,むし,,20,55,25,25,50,30
15,12,バタフリー,むし,ひこう,45,50,90,80,60,70
16,13,ビードル,むし,どく,35,30,20,20,40,50
17,14,コクーン,むし,どく,25,50,25,25,45,35
18,15,スピアー,むし,どく,90,40,45,80,65,75
19,015-1,メガスピアー,むし,どく,150,40,15,80,65,145
20,16,ポッポ,ノーマル,ひこう,45,40,35,35,40,56
21,17,ピジョン,ノーマル,ひこう,60,55,50,50,63,71
22,18,ピジョット,ノーマル,ひこう,80,75,70,70,83,101
23,018-1,メガピジョット,ノーマル,ひこう,80,80,135,80,83,121
24,19,コラッタ,ノーマル,,56,35,25,35,30,72
25,019-1,コラッタ:A,あく,ノーマル,56,35,25,35,30,72
26,20,ラッタ,ノーマル,,81,60,50,70,55,97
27,020-1,ラッタ:A,あく,ノーマル,71,70,40,80,75,77
28,21,オニスズメ,ノーマル,ひこう,60,30,31,31,40,70
29,22,オニドリル,ノーマル,ひこう,90,65,61,61,65,100
30,23,アーボ,どく,,60,44,40,54,35,55
31,24,アーボック,どく,,95,69,65,79,60,80
32,25,ピカチュウ,でんき,,55,40,50,50,35,90
33,26,ライチュウ,でんき,,90,55,90,80,60,110
34,026-1,ライチュウ:A,でんき,エスパー,85,50,95,85,60,110
35,27,サンド,じめん,,75,85,20,30,50,40
36,027-1,サンド:A,こおり,はがね,75,90,10,35,50,40
37,28,サンドパン,じめん,,100,110,45,55,75,65
38,028-1,サンドパン:A,こおり,はがね,100,120,25,65,75,65
39,29,ニドラン♀,どく,,47,52,40,40,55,41
40,30,ニドリーナ,どく,,62,67,55,55,70,56
41,31,ニドクイン,どく,じめん,92,87,75,85,90,76
42,32,ニドラン♂,どく,,57,40,40,40,46,50
43,33,ニドリーノ,どく,,72,57,55,55,61,65
44,34,ニドキング,どく,じめん,102,77,85,75,81,85
45,35,ピッピ,フェアリー,,45,48,60,65,70,35
46,36,ピクシー,フェアリー,,70,73,95,90,95,60
47,37,ロコン,ほのお,,41,40,50,65,38,65
48,037-1,ロコン:A,こおり,,41,40,50,65,38,65
49,38,キュウコン,ほのお,,76,75,81,100,73,100
50,038-1,キュウコン:A,こおり,フェアリー,67,75,81,100,73,109
51,39,プリン,ノーマル,フェアリー,45,20,45,25,115,20
52,40,プクリン,ノーマル,フェアリー,70,45,85,50,140,45
53,41,ズバット,どく,ひこう,45,35,30,40,40,55
54,42,ゴルバット,どく,ひこう,80,70,65,75,75,90
55,43,ナゾノクサ,くさ,どく,50,55,75,65,45,30
56,44,クサイハナ,くさ,どく,65,70,85,75,60,40
57,45,ラフレシア,くさ,どく,80,85,110,90,75,50
58,46,パラス,むし,くさ,70,55,45,55,35,25
59,47,パラセクト,むし,くさ,95,80,60,80,60,30
60,48,コンパン,むし,どく,55,50,40,55,60,45
61,49,モルフォン,むし,どく,65,60,90,75,70,90
62,50,ディグダ,じめん,,55,25,35,45,10,95
63,050-1,ディグダ:A,じめん,はがね,55,30,35,45,10,90
64,51,ダグトリオ,じめん,,100,50,50,70,35,120
65,051-1,ダグドリオ:A,じめん,はがね,100,60,50,70,35,110
66,52,ニャース,ノーマル,,45,35,40,40,40,90
67,052-1,ニャース:A,あく,,35,35,50,40,40,90
68,53,ペルシアン,ノーマル,,70,60,65,65,65,115
69,053-1,ペルシアン:A,あく,,60,60,75,65,65,115
70,54,コダック,みず,,52,48,65,50,50,55
71,55,ゴルダック,みず,,82,78,95,80,80,85
72,56,マンキー,かくとう,,80,35,35,45,40,70
73,57,オコリザル,かくとう,,105,60,60,70,65,95
74,58,ガーディ,ほのお,,70,45,70,50,55,60
75,59,ウインディ,ほのお,,110,80,100,80,90,95
76,60,ニョロモ,みず,,50,40,40,40,40,90
77,61,ニョロゾ,みず,,65,65,50,50,65,90
78,62,ニョロボン,みず,かくとう,95,95,70,90,90,70
79,63,ケーシィ,エスパー,,20,15,105,55,25,90
80,64,ユンゲラー,エスパー,,35,30,120,70,40,105
81,65,フーディン,エスパー,,50,45,135,95,55,120
82,065-1,メガフーディン,エスパー,,50,65,175,105,55,150
83,66,ワンリキー,かくとう,,80,50,35,35,70,35
84,67,ゴーリキー,かくとう,,100,70,50,60,80,45
85,68,カイリキー,かくとう,,130,80,65,85,90,55
86,69,マダツボミ,くさ,どく,75,35,70,30,50,40
87,70,ウツドン,くさ,どく,90,50,85,45,65,55
88,71,ウツボット,くさ,どく,105,65,100,70,80,70
89,72,メノクラゲ,みず,どく,40,35,50,100,40,70
90,73,ドククラゲ,みず,どく,70,65,80,120,80,100
91,74,イシツブテ,いわ,じめん,80,100,30,30,40,20
92,074-1,イシツブテ:A,いわ,でんき,80,100,30,30,40,20
93,75,ゴローン,いわ,じめん,95,115,45,45,55,35
94,075-1,ゴローン:A,いわ,でんき,95,115,45,45,55,35
95,76,ゴローニャ,いわ,じめん,120,130,55,65,80,45
96,076-1,ゴローニャ:A,いわ,でんき,120,130,55,65,80,45
97,77,ポニータ,ほのお,,85,55,65,65,50,90
98,78,ギャロップ,ほのお,,100,70,80,80,65,105
99,79,ヤドン,みず,エスパー,65,65,40,40,90,15
100,80,ヤドラン,みず,エスパー,75,110,100,80,95,30
101,080-1,メガヤドラン,みず,エスパー,75,180,130,80,95,30
102,81,コイル,でんき,はがね,35,70,95,55,25,45
103,82,レアコイル,でんき,はがね,60,95,120,70,50,70
104,83,カモネギ,ノーマル,ひこう,90,55,58,62,52,60
105,84,ドードー,ノーマル,ひこう,85,45,35,35,35,75
106,85,ドードリオ,ノーマル,ひこう,110,70,60,60,60,110
107,86,パウワウ,みず,,45,55,45,70,65,45
108,87,ジュゴン,みず,こおり,70,80,70,95,90,70
109,88,ベトベター,どく,,80,50,40,50,80,25
110,088-1,ベトベター:A,どく,あく,80,50,40,50,80,25
111,89,ベトベトン,どく,,105,75,65,100,105,50
112,089-1,ベトベトン:A,どく,あく,105,75,65,100,105,50
113,90,シェルダー,みず,,65,100,45,25,30,40
114,91,パルシェン,みず,こおり,95,180,85,45,50,70
115,92,ゴース,ゴースト,どく,35,30,100,35,30,80
116,93,ゴースト,ゴースト,どく,50,45,115,55,45,95
117,94,ゲンガー,ゴースト,どく,65,60,130,75,60,110
118,094-1,メガゲンガー,ゴースト,どく,65,80,170,95,60,130
119,95,イワーク,いわ,じめん,45,160,30,45,35,70
120,96,スリープ,エスパー,,48,45,43,90,60,42
121,97,スリーパー,エスパー,,73,70,73,115,85,67
122,98,クラブ,みず,,105,90,25,25,30,50
123,99,キングラー,みず,,130,115,50,50,55,75
124,100,ビリリダマ,でんき,,30,50,55,55,40,100
125,101,マルマイン,でんき,,50,70,80,80,60,150
126,102,タマタマ,くさ,エスパー,40,80,60,45,60,40
127,103,ナッシー,くさ,エスパー,95,85,125,75,95,55
128,103-1,ナッシー:A,くさ,ドラゴン,105,85,125,75,95,45
129,104,カラカラ,じめん,,50,95,40,50,50,35
130,105,ガラガラ,じめん,,80,110,50,80,60,45
131,105-1,ガラガラ:A,ほのお,ゴースト,80,110,50,80,60,45
132,106,サワムラー,かくとう,,120,53,35,110,50,87
133,107,エビワラー,かくとう,,105,79,35,110,50,76
134,108,ベロリンガ,ノーマル,,55,75,60,75,90,30
135,109,ドガース,どく,,65,95,60,45,40,35
136,110,マタドガス,どく,,90,120,85,70,65,60
137,111,サイホーン,じめん,いわ,85,95,30,30,80,25
138,112,サイドン,じめん,いわ,130,120,45,45,105,40
139,113,ラッキー,ノーマル,,5,5,35,105,250,50
140,114,モンジャラ,くさ,,55,115,100,40,65,60
141,115,ガルーラ,ノーマル,,95,80,40,80,105,90
142,115-1,メガガルーラ,ノーマル,,125,100,60,100,105,100
143,116,タッツー,みず,,40,70,70,25,30,60
144,117,シードラ,みず,,65,95,95,45,55,85
145,118,トサキント,みず,,67,60,35,50,45,63
146,119,アズマオウ,みず,,92,65,65,80,80,68
147,120,ヒトデマン,みず,,45,55,70,55,30,85
148,121,スターミー,みず,エスパー,75,85,100,85,60,115
149,122,バリヤード,エスパー,フェアリー,45,65,100,120,40,90
150,123,ストライク,むし,ひこう,110,80,55,80,70,105
151,124,ルージュラ,こおり,エスパー,50,35,115,95,65,95
152,125,エレブー,でんき,,83,57,95,85,65,105
153,126,ブーバー,ほのお,,95,57,100,85,65,93
154,127,カイロス,むし,,125,100,55,70,65,85
155,127-1,メガカイロス,むし,ひこう,155,120,65,90,65,105
156,128,ケンタロス,ノーマル,,100,95,40,70,75,110
157,129,コイキング,みず,,10,55,15,20,20,80
158,130,ギャラドス,みず,ひこう,125,79,60,100,95,81
159,130-1,メガギャラドス,みず,あく,155,109,70,130,95,81
160,131,ラプラス,みず,こおり,85,80,85,95,130,60
161,132,メタモン,ノーマル,,48,48,48,48,48,48
162,133,イーブイ,ノーマル,,55,50,45,65,55,55
163,134,シャワーズ,みず,,65,60,110,95,130,65
164,135,サンダース,でんき,,65,60,110,95,65,130
165,136,ブースター,ほのお,,130,60,95,110,65,65
166,137,ポリゴン,ノーマル,,60,70,85,75,65,40
167,138,オムナイト,いわ,みず,40,100,90,55,35,35
168,139,オムスター,いわ,みず,60,125,115,70,70,55
169,140,カブト,いわ,みず,80,90,55,45,30,55
170,141,カブトプス,いわ,みず,115,105,65,70,60,80
171,142,プテラ,いわ,ひこう,105,65,60,75,80,130
172,142-1,メガプテラ,いわ,ひこう,135,85,70,95,80,150
173,143,カビゴン,ノーマル,,110,65,65,110,160,30
174,144,フリーザー,こおり,ひこう,85,100,95,125,90,85
175,145,サンダー,でんき,ひこう,90,85,125,90,90,100
176,146,ファイヤー,ほのお,ひこう,100,90,125,85,90,90
177,147,ミニリュウ,ドラゴン,,64,45,50,50,41,50
178,148,ハクリュー,ドラゴン,,84,65,70,70,61,70
179,149,カイリュー,ドラゴン,ひこう,134,95,100,100,91,80
180,150,ミュウツー,エスパー,,110,90,154,90,106,130
181,150-1,メガミュウツーX,エスパー,かくとう,190,100,154,100,106,130
182,150-2,メガミュウツーY,エスパー,,150,70,194,120,106,140
183,151,ミュウ,エスパー,,100,100,100,100,100,100
184,152,チコリータ,くさ,,49,65,49,65,45,45
185,153,ベイリーフ,くさ,,62,80,63,80,60,60
186,154,メガニウム,くさ,,82,100,83,100,80,80
187,155,ヒノアラシ,ほのお,,52,43,60,50,39,65
188,156,マグマラシ,ほのお,,64,58,80,65,58,80
189,157,バクフーン,ほのお,,84,78,109,85,78,100
190,158,ワニノコ,みず,,65,64,44,48,50,43
191,159,アリゲイツ,みず,,80,80,59,63,65,58
192,160,オーダイル,みず,,105,100,79,83,85,78
193,161,オタチ,ノーマル,,46,34,35,45,35,20
194,162,オオタチ,ノーマル,,76,64,45,55,85,90
195,163,ホーホー,ノーマル,ひこう,30,30,36,56,60,50
196,164,ヨルノズク,ノーマル,ひこう,50,50,86,96,100,70
197,165,レディバ,むし,ひこう,20,30,40,80,40,55
198,166,レディアン,むし,ひこう,35,50,55,110,55,85
199,167,イトマル,むし,どく,60,40,40,40,40,30
200,168,アリアドス,むし,どく,90,70,60,70,70,40
201,169,クロバット,どく,ひこう,90,80,70,80,85,130
202,170,チョンチー,みず,でんき,38,38,56,56,75,67
203,171,ランターン,みず,でんき,58,58,76,76,125,67
204,172,ピチュー,でんき,,40,15,35,35,20,60
205,173,ピィ,フェアリー,,25,28,45,55,50,15
206,174,ププリン,ノーマル,フェアリー,30,15,40,20,90,15
207,175,トゲピー,フェアリー,,20,65,40,65,35,20
208,176,トゲチック,フェアリー,ひこう,40,85,80,105,55,40
209,177,ネイティ,エスパー,ひこう,50,45,70,45,40,70
210,178,ネイティオ,エスパー,ひこう,75,70,95,70,65,95
211,179,メリープ,でんき,,40,40,65,45,55,35
212,180,モココ,でんき,,55,55,80,60,70,45
213,181,デンリュウ,でんき,,75,85,115,90,90,55
214,181-1,メガデンリュウ,でんき,ドラゴン,95,105,165,110,90,45
215,182,キレイハナ,くさ,,80,95,90,100,75,50
216,183,マリル,みず,フェアリー,20,50,20,50,70,40
217,184,マリルリ,みず,フェアリー,50,80,60,80,100,50
218,185,ウソッキー,いわ,,100,115,30,65,70,30
219,186,ニョロトノ,みず,,75,75,90,100,90,70
220,187,ハネッコ,くさ,ひこう,35,40,35,55,35,50
221,188,ポポッコ,くさ,ひこう,45,50,45,65,55,80
222,189,ワタッコ,くさ,ひこう,55,70,55,95,75,110
223,190,エイパム,ノーマル,,70,55,40,55,55,85
224,191,ヒマナッツ,くさ,,30,30,30,30,30,30
225,192,キマワリ,くさ,,75,55,105,85,75,30
226,193,ヤンヤンマ,むし,ひこう,65,45,75,45,65,95
227,194,ウパー,みず,じめん,45,45,25,25,55,15
228,195,ヌオー,みず,じめん,85,85,65,65,95,35
229,196,エーフィ,エスパー,,65,60,130,95,65,110
230,197,ブラッキー,あく,,65,110,60,130,95,65
231,198,ヤミカラス,あく,ひこう,85,42,85,42,60,91
232,199,ヤドキング,みず,エスパー,75,80,100,110,95,30
233,200,ムウマ,ゴースト,,60,60,85,85,60,85
234,201,アンノーン,エスパー,,72,48,72,48,48,48
235,202,ソーナンス,エスパー,,33,58,33,58,190,33
236,203,キリンリキ,ノーマル,エスパー,80,65,90,65,70,85
237,204,クヌギダマ,むし,,65,90,35,35,50,15
238,205,フォレトス,むし,はがね,90,140,60,60,75,40
239,206,ノコッチ,ノーマル,,70,70,65,65,100,45
240,207,グライガー,じめん,ひこう,75,105,35,65,65,85
241,208,ハガネール,はがね,じめん,85,200,55,65,75,30
242,208-1,メガハガネール,はがね,じめん,125,230,55,95,75,30
243,209,ブルー,フェアリー,,80,50,40,40,60,30
244,210,グランブル,フェアリー,,120,75,60,60,90,45
245,211,ハリーセン,みず,どく,95,85,55,55,65,85
246,212,ハッサム,むし,はがね,130,100,55,80,70,65
247,212-1,メガハッサム,むし,はがね,150,140,65,100,70,75
248,213,ツボツボ,むし,いわ,10,230,10,230,20,5
249,214,ヘラクロス,むし,かくとう,125,75,40,95,80,85
250,214-1,メガヘラクロス,むし,かくとう,185,115,40,105,80,75
251,215,ニューラ,あく,こおり,95,55,35,75,55,115
252,216,ヒメグマ,ノーマル,,80,50,50,50,60,40
253,217,リングマ,ノーマル,,130,75,75,75,90,55
254,218,マグマッグ,ほのお,,40,40,70,40,40,20
255,219,マグカルゴ,ほのお,いわ,50,120,90,80,60,30
256,220,ウリムー,こおり,じめん,50,40,30,30,50,50
257,221,イノムー,こおり,じめん,100,80,60,60,100,50
258,222,サニーゴ,みず,いわ,55,95,65,95,65,35
259,223,テッポウオ,みず,,65,35,65,35,35,65
260,224,オクタン,みず,,105,75,105,75,75,45
261,225,デリバード,こおり,ひこう,55,45,65,45,45,75
262,226,マンタイン,みず,ひこう,40,70,80,140,85,70
263,227,エアームド,はがね,ひこう,80,140,40,70,65,70
264,228,デルビル,あく,ほのお,60,30,80,50,45,65
265,229,ヘルガー,あく,ほのお,90,50,110,80,75,95
266,229-1,メガヘルガー,あく,ほのお,90,90,140,90,75,115
267,230,キングドラ,みず,ドラゴン,95,95,95,95,75,85
268,231,ゴマゾウ,じめん,,60,60,40,40,90,40
269,232,ドンファン,じめん,,120,120,60,60,90,50
270,233,ポリゴン２,ノーマル,,80,90,105,95,85,60
271,234,オドシシ,ノーマル,,95,62,85,65,73,85
272,235,ドーブル,ノーマル,,20,35,20,45,55,75
273,236,バルキー,かくとう,,35,35,35,35,35,35
274,237,カポエラー,かくとう,,95,95,35,110,50,70
275,238,ムチュール,こおり,エスパー,30,15,85,65,45,65
276,239,エレキッド,でんき,,63,37,65,55,45,95
277,240,ブビィ,ほのお,,75,37,70,55,45,83
278,241,ミルタンク,ノーマル,,80,105,40,70,95,100
279,242,ハピナス,ノーマル,,10,10,75,135,255,55
280,243,ライコウ,でんき,,85,75,115,100,90,115
281,244,エンテイ,ほのお,,115,85,90,75,115,100
282,245,スイクン,みず,,75,115,90,115,100,85
283,246,ヨーギラス,いわ,じめん,64,50,45,50,50,41
284,247,サナギラス,いわ,じめん,84,70,65,70,70,51
285,248,バンギラス,いわ,あく,134,110,95,100,100,61
286,248-1,メガバンギラス,いわ,あく,164,150,95,120,100,71
287,249,ルギア,エスパー,ひこう,90,130,90,154,106,110
288,250,ホウオウ,ほのお,ひこう,130,90,110,154,106,90
289,251,セレビィ,エスパー,むし,100,100,100,100,100,100
290,252,キモリ,くさ,,45,35,65,55,40,70
291,253,ジュプトル,くさ,,65,45,85,65,50,95
292,254,ジュカイン,くさ,,85,65,105,85,70,120
293,254-1,メガジュカイン,くさ,ドラゴン,110,75,145,85,70,145
294,255,アチャモ,ほのお,,60,40,70,50,45,45
295,256,ワカシャモ,ほのお,かくとう,85,60,85,60,60,55
296,257,バシャーモ,ほのお,かくとう,120,70,110,70,80,80
297,257-1,メガバシャーモ,ほのお,かくとう,160,80,130,80,80,100
298,258,ミズゴロウ,みず,,70,50,50,50,50,40
299,259,ヌマクロー,みず,じめん,85,70,60,70,70,50
300,260,ラグラージ,みず,じめん,110,90,85,90,100,60
301,260-1,メガラグラージ,みず,じめん,150,110,95,110,100,70
302,261,ポチエナ,あく,,55,35,30,30,35,35
303,262,グラエナ,あく,,90,70,60,60,70,70
304,263,ジグザグマ,ノーマル,,30,41,30,41,38,60
305,264,マッスグマ,ノーマル,,70,61,50,61,78,100
306,265,ケムッソ,むし,,45,35,20,30,45,20
307,266,カラサリス,むし,,35,55,25,25,50,15
308,267,アゲハント,むし,ひこう,70,50,100,50,60,65
309,268,マユルド,むし,,35,55,25,25,50,15
310,269,ドクケイル,むし,どく,50,70,50,90,60,65
311,270,ハスボー,みず,むし,30,30,40,50,40,30
312,271,ハスブレロ,みず,むし,50,50,60,70,60,50
313,272,ルンパッパ,みず,むし,70,70,90,100,80,70
314,273,タネボー,くさ,,40,50,30,30,40,30
315,274,コノハナ,くさ,あく,70,40,60,40,70,60
316,275,ダーテング,くさ,あく,100,60,90,60,90,80
317,276,スバメ,ノーマル,ひこう,55,30,30,30,40,85
318,277,オオスバメ,ノーマル,ひこう,85,60,75,50,60,125
319,278,キャモメ,みず,ひこう,30,30,55,30,40,85
320,279,ペリッパー,みず,ひこう,50,100,95,70,60,65
321,280,ラルトス,エスパー,フェアリー,25,25,45,35,28,40
322,281,キルリア,エスパー,フェアリー,35,35,65,55,38,50
323,282,サーナイト,エスパー,フェアリー,65,65,125,115,68,80
324,282-1,メガサーナイト,エスパー,フェアリー,85,65,165,135,68,100
325,283,アメタマ,むし,みず,30,32,50,52,40,65
326,284,アメモース,むし,ひこう,60,62,100,82,70,80
327,285,キノココ,くさ,,40,60,40,60,60,35
328,286,キノガッサ,くさ,かくとう,130,80,60,60,60,70
329,287,ナマケロ,ノーマル,,60,60,35,35,60,30
330,288,ヤルキモノ,ノーマル,,80,80,55,55,80,90
331,289,ケッキング,ノーマル,,160,100,95,65,150,100
332,290,ツチニン,むし,じめん,45,90,30,30,31,40
333,291,テッカニン,むし,ひこう,90,45,50,50,61,160
334,292,ヌケニン,むし,ゴースト,90,45,30,30,1,40
335,293,ゴニョニョ,ノーマル,,51,23,51,23,64,28
336,294,ドゴーム,ノーマル,,71,43,71,43,84,48
337,295,バクオング,ノーマル,,91,63,91,73,104,68
338,296,マクノシタ,かくとう,,60,30,20,30,72,25
339,297,ハリテヤマ,かくとう,,120,60,40,60,144,50
340,298,ルリリ,ノーマル,フェアリー,20,40,20,40,50,20
341,299,ノズパス,いわ,,45,135,45,90,30,30
342,300,エネコ,ノーマル,,45,45,35,35,50,50
343,301,エネコロロ,ノーマル,,65,65,55,55,70,90
344,302,ヤミラミ,あく,ゴースト,75,75,65,65,50,50
345,302-1,メガヤミラミ,あく,ゴースト,85,125,85,115,50,20
346,303,クチート,はがね,フェアリー,85,85,55,55,50,50
347,303-1,メガクチート,はがね,フェアリー,105,125,55,95,50,50
348,304,ココドラ,はがね,いわ,70,100,40,40,50,30
349,305,コドラ,はがね,いわ,90,140,50,50,60,40
350,306,ボスゴドラ,はがね,いわ,110,180,60,60,70,50
351,306-1,メガボスゴドラ,はがね,,140,230,60,80,70,50
352,307,アサナン,かくとう,エスパー,40,55,40,55,30,60
353,308,チャーレム,かくとう,エスパー,60,75,60,75,60,80
354,308-1,メガチャーレム,かくとう,エスパー,100,85,80,85,60,100
355,309,ラクライ,でんき,,45,40,65,40,40,65
356,310,ライボルト,でんき,,75,60,105,60,70,105
357,310-1,メガライボルト,でんき,,75,80,135,80,70,135
358,311,プラスル,でんき,,50,40,85,75,60,95
359,312,マイナン,でんき,,40,50,75,85,60,95
360,313,バルビート,むし,,73,75,47,85,65,85
361,314,イルミーゼ,むし,,47,75,73,85,65,85
362,315,ロゼリア,くさ,どく,60,45,100,80,50,65
363,316,ゴクリン,どく,,43,53,43,53,70,40
364,317,マルノーム,どく,,73,83,73,83,100,55
365,318,キバニア,みず,あく,90,20,65,20,45,65
366,319,サメハダー,みず,あく,120,40,95,40,70,95
367,319-1,メガサメハダー,みず,あく,140,70,110,65,70,105
368,320,ホエルコ,みず,,70,35,70,35,130,60
369,321,ホエルオー,みず,,90,45,90,45,170,60
370,322,ドンメル,ほのお,じめん,60,40,65,45,60,35
371,323,バクーダ,ほのお,じめん,100,70,105,75,70,40
372,323-1,メガバクーダ,ほのお,じめん,120,100,145,105,70,20
373,324,コータス,ほのお,,85,140,85,70,70,20
374,325,バネブー,エスパー,,25,35,70,80,60,60
375,326,ブーピッグ,エスパー,,45,65,90,110,80,80
376,327,パッチール,ノーマル,,60,60,60,60,60,60
377,328,ナックラー,じめん,,100,45,45,45,45,10
378,329,ビブラーバ,じめん,ドラゴン,70,50,50,50,50,70
379,330,フライゴン,じめん,ドラゴン,100,80,80,80,80,100
380,331,サボネア,くさ,,85,40,85,40,50,35
381,332,ノクタス,くさ,あく,115,60,115,60,70,55
382,333,チルット,ノーマル,ひこう,40,60,40,75,45,50
383,334,チルタリス,ドラゴン,ひこう,70,90,70,105,75,80
384,334-1,メガチルタリス,ドラゴン,フェアリー,110,110,110,105,75,80
385,335,ザングース,ノーマル,,115,60,60,60,73,90
386,336,ハブネーク,どく,,100,60,100,60,73,65
387,337,ルナトーン,いわ,エスパー,55,65,95,85,90,70
388,338,ソルロック,いわ,エスパー,95,85,55,65,90,70
389,339,ドジョッチ,みず,じめん,48,43,46,41,50,60
390,340,ナマズン,みず,じめん,78,73,76,71,110,60
391,341,ヘイガニ,みず,,80,65,50,35,43,35
392,342,シザリガー,みず,あく,120,85,90,55,63,55
393,343,ヤジロン,じめん,エスパー,40,55,40,70,40,55
394,344,ネンドール,じめん,エスパー,70,105,70,120,60,75
395,345,リリーラ,いわ,くさ,41,77,61,87,66,23
396,346,ユレイドル,いわ,くさ,81,97,81,107,86,43
397,347,アノプス,いわ,むし,95,50,40,50,45,75
398,348,アーマルド,いわ,むし,125,100,70,80,75,45
399,349,ヒンバス,みず,,15,20,10,55,20,80
400,350,ミロカロス,みず,,60,79,100,125,95,81
401,351,ポワルン,ノーマル,,70,70,70,70,70,70
402,352,カクレオン,ノーマル,,90,70,60,120,60,40
403,353,カゲボウズ,ゴースト,,75,35,63,33,44,45
404,354,ジュペッタ,ゴースト,,115,65,83,63,64,65
405,354-1,メガジュペッタ,ゴースト,,165,75,93,83,64,75
406,355,ヨマワル,ゴースト,,40,90,30,90,20,25
407,356,サマヨール,ゴースト,,70,130,60,130,40,25
408,357,トロピウス,くさ,ひこう,68,83,72,87,99,51
409,358,チリーン,エスパー,,50,80,95,90,75,65
410,359,アブソル,あく,,130,60,75,60,65,75
411,359-1,メガアブソル,あく,,150,60,115,60,65,115
412,360,ソーナノ,エスパー,,23,48,23,48,95,23
413,361,ユキワラシ,こおり,,50,50,50,50,50,50
414,362,オニゴーリ,こおり,,80,80,80,80,80,80
415,362-1,メガオニゴーリ,こおり,,120,80,120,80,80,100
416,363,タマザラシ,こおり,みず,40,50,55,50,70,25
417,364,トドグラー,こおり,みず,60,70,75,70,90,45
418,365,トドゼルガ,こおり,みず,80,90,95,90,110,65
419,366,パールル,みず,,64,85,74,55,35,32
420,367,ハンテール,みず,,104,105,94,75,55,52
421,368,サクラビス,みず,,84,105,114,75,55,52
422,369,ジーランス,みず,いわ,90,130,45,65,100,55
423,370,ラブカス,みず,,30,55,40,65,43,97
424,371,タツベイ,ドラゴン,,75,60,40,30,45,50
425,372,コモルー,ドラゴン,,95,100,60,50,65,50
426,373,ボーマンダ,ドラゴン,ひこう,135,80,110,80,95,100
427,373-1,メガボーマンダ,ドラゴン,ひこう,145,130,120,90,95,120
428,374,ダンバル,はがね,エスパー,55,80,35,60,40,30
429,375,メタング,はがね,エスパー,75,100,55,80,60,50
430,376,メタグロス,はがね,エスパー,135,130,95,90,80,70
431,376-1,メガメタグロス,はがね,エスパー,145,150,105,110,80,110
432,377,レジロック,いわ,,100,200,50,100,80,50
433,378,レジアイス,こおり,,50,100,100,200,80,50
434,379,レジスチル,はがね,,75,150,75,150,80,50
435,380,ラティアス,ドラゴン,エスパー,80,90,110,130,80,110
436,380-1,メガラティアス,ドラゴン,エスパー,100,120,140,150,80,110
437,381,ラティオス,ドラゴン,エスパー,90,80,130,110,80,110
438,381-1,メガラティオス,ドラゴン,エスパー,130,100,160,120,80,110
439,382,カイオーガ,みず,,100,90,150,140,100,90
440,382-1,ゲンシカイオーガ,みず,,150,90,180,160,100,90
441,383,グラードン,じめん,,150,140,100,90,100,90
442,383-1,ゲンシグラードン,じめん,ほのお,180,160,150,90,100,90
443,384,レックウザ,ドラゴン,ひこう,150,90,150,90,105,95
444,384-1,メガレックウザ,ドラゴン,ひこう,180,100,180,100,105,115
445,385,ジラーチ,はがね,エスパー,100,100,100,100,100,100
446,386,デオキシスN,エスパー,,150,50,150,50,50,150
447,386-1,デオキシスA,エスパー,,180,20,180,20,50,150
448,386-2,デオキシスD,エスパー,,70,160,70,160,50,90
449,386-3,デオキシスS,エスパー,,95,90,95,90,50,180
450,387,ナエトル,くさ,,68,64,45,55,55,31
451,388,ハヤシガメ,くさ,,89,85,55,65,75,36
452,389,ドダイトス,くさ,じめん,109,105,75,85,95,56
453,390,ヒコザル,ほのお,,58,44,58,44,44,61
454,391,モウカザル,ほのお,かくとう,78,52,78,52,64,81
455,392,ゴウカザル,ほのお,かくとう,104,71,104,71,76,108
456,393,ポッチャマ,みず,,51,53,61,56,53,40
457,394,ポッタイシ,みず,,66,68,81,76,64,50
458,395,エンペルト,みず,はがね,86,88,111,101,84,60
459,396,ムックル,ノーマル,ひこう,55,30,30,30,40,60
460,397,ムクバード,ノーマル,ひこう,75,50,40,40,55,80
461,398,ムクホーク,ノーマル,ひこう,120,70,50,60,85,100
462,399,ビッパ,ノーマル,,45,40,35,40,59,31
463,400,ビーダル,ノーマル,みず,85,60,55,60,79,71
464,401,コロボーシ,むし,,25,41,25,41,37,25
465,402,コロトック,むし,,85,51,55,51,77,65
466,403,コリンク,でんき,,65,34,40,34,45,45
467,404,ルクシオ,でんき,,85,49,60,49,60,60
468,405,レントラー,でんき,,120,79,95,79,80,70
469,406,スボミー,くさ,どく,30,35,50,70,40,55
470,407,ロズレイド,くさ,どく,70,65,125,105,60,90
471,408,ズガイドス,いわ,,125,40,30,30,67,58
472,409,ラムパルド,いわ,,165,60,65,50,97,58
473,410,タテトプス,いわ,はがね,42,118,42,88,30,30
474,411,トリデプス,いわ,はがね,52,168,47,138,60,30
475,412,ミノムッチ,むし,,29,45,29,45,40,36
476,413,ミノマダム草,むし,くさ,59,85,79,105,60,36
477,413-1,ミノマダム地,むし,じめん,79,105,59,85,60,36
478,413-2,ミノマダム鋼,むし,はがね,69,95,69,95,60,36
479,414,ガーメイル,むし,ひこう,94,50,94,50,70,66
480,415,ミツハニー,むし,ひこう,30,42,30,42,30,70
481,416,ビークイン,むし,ひこう,80,102,80,102,70,40
482,417,パチリス,でんき,,45,70,45,90,60,95
483,418,ブイゼル,みず,,65,35,60,30,55,85
484,419,フローゼル,みず,,105,55,85,50,85,115
485,420,チェリンボ,くさ,,35,45,62,53,45,35
486,421,チェリム,くさ,,60,70,87,78,70,85
487,422,カラナクシ,みず,,48,48,57,62,76,34
488,423,トリトドン,みず,じめん,83,68,92,82,111,39
489,424,エテボース,ノーマル,,100,66,60,66,75,115
490,425,フワンテ,ゴースト,ひこう,50,34,60,44,90,70
491,426,フワライド,ゴースト,ひこう,80,44,90,54,150,80
492,427,ミミロル,ノーマル,,66,44,44,56,55,85
493,428,ミミロップ,ノーマル,,76,84,54,96,65,105
494,428-1,メガミミロップ,ノーマル,かくとう,136,94,54,96,65,135
495,429,ムウマージ,ゴースト,,60,60,105,105,60,105
496,430,ドンカラス,あく,ひこう,125,52,105,52,100,71
497,431,ニャルマー,ノーマル,,55,42,42,37,49,85
498,432,ブニャット,ノーマル,,82,64,64,59,71,112
499,433,リーシャン,エスパー,,30,50,65,50,45,45
500,434,スカンプー,どく,あく,63,47,41,41,63,74
501,435,スカタンク,どく,あく,93,67,71,61,103,84
502,436,ドーミラー,はがね,エスパー,24,86,24,86,57,23
503,437,ドータクン,はがね,エスパー,89,116,79,116,67,33
504,438,ウソハチ,いわ,,80,95,10,45,50,10
505,439,マネネ,エスパー,フェアリー,25,45,70,90,20,60
506,440,ピンプク,ノーマル,,5,5,15,65,100,30
507,441,ペラップ,ノーマル,ひこう,65,45,92,42,76,91
508,442,ミカルゲ,ゴースト,あく,92,108,92,108,50,35
509,443,フカマル,ドラゴン,じめん,70,45,40,45,58,42
510,444,ガバイト,ドラゴン,じめん,90,65,50,55,68,82
511,445,ガブリアス,ドラゴン,じめん,130,95,80,85,108,102
512,445-1,メガガブリアス,ドラゴン,じめん,170,115,120,95,108,92
513,446,ゴンベ,ノーマル,,85,40,40,85,135,5
514,447,リオル,かくとう,,70,40,35,40,40,60
515,448,ルカリオ,かくとう,はがね,110,70,115,70,70,90
516,448-1,メガルカリオ,かくとう,はがね,145,88,140,70,70,112
517,449,ヒポポタス,じめん,,72,78,38,42,68,32
518,450,カバルドン,じめん,,112,118,68,72,108,47
519,451,スコルピ,どく,むし,50,90,30,55,40,65
520,452,ドラピオン,どく,あく,90,110,60,75,70,95
521,453,グレッグル,どく,かくとう,61,40,61,40,48,50
522,454,ドクロッグ,どく,かくとう,106,65,86,65,83,85
523,455,マスキッパ,くさ,,100,72,90,72,74,46
524,456,ケイコウオ,みず,,49,56,49,61,49,66
525,457,ネオラント,みず,,69,76,69,86,69,91
526,458,タマンタ,みず,ひこう,20,50,60,120,45,50
527,459,ユキカブリ,くさ,こおり,62,50,62,60,60,40
528,460,ユキノオー,くさ,こおり,92,75,92,85,90,60
529,460-1,メガユキノオー,くさ,こおり,132,105,132,105,90,30
530,461,マニューラ,あく,こおり,120,65,45,85,70,125
531,462,ジバコイル,でんき,はがね,70,115,130,90,70,60
532,463,ベロベルト,ノーマル,,85,95,80,95,110,50
533,464,ドサイドン,じめん,いわ,140,130,55,55,115,40
534,465,モジャンボ,くさ,,100,125,110,50,100,50
535,466,エレキブル,でんき,,123,67,95,85,75,95
536,467,ブーバーン,ほのお,,95,67,125,95,75,83
537,468,トゲキッス,フェアリー,ひこう,50,95,120,115,85,80
538,469,メガヤンマ,むし,ひこう,76,86,116,56,86,95
539,470,リーフィア,くさ,,110,130,60,65,65,95
540,471,グレイシア,こおり,,60,110,130,95,65,65
541,472,グライオン,じめん,ひこう,95,125,45,75,75,95
542,473,マンムー,こおり,じめん,130,80,70,60,110,80
543,474,ポリゴンＺ,ノーマル,,80,70,135,75,85,90
544,475,エルレイド,エスパー,かくとう,125,65,65,115,68,80
545,475-1,メガエルレイド,エスパー,かくとう,165,95,65,115,68,110
546,476,ダイノーズ,いわ,はがね,55,145,75,150,60,40
547,477,ヨノワール,ゴースト,,100,135,65,135,45,45
548,478,ユキメノコ,こおり,ゴースト,80,70,80,70,70,110
549,479,ロトム,でんき,ゴースト,50,77,95,77,50,91
550,479-1,ロトム炎,でんき,ほのお,65,107,105,107,50,86
551,479-2,ロトム水,でんき,みず,65,107,105,107,50,86
552,479-3,ロトム氷,でんき,こおり,65,107,105,107,50,86
553,479-4,ロトム飛,でんき,ひこう,65,107,105,107,50,86
554,479-5,ロトム草,でんき,くさ,65,107,105,107,50,86
555,480,ユクシー,エスパー,,75,130,75,130,75,95
556,481,エムリット,エスパー,,105,105,105,105,80,80
557,482,アグノム,エスパー,,125,70,125,70,75,115
558,483,ディアルガ,はがね,ドラゴン,120,120,150,100,100,90
559,484,パルキア,みず,ドラゴン,120,100,150,120,90,100
560,485,ヒードラン,ほのお,はがね,90,106,130,106,91,77
561,486,レジギガス,ノーマル,,160,110,80,110,110,100
562,487,ギラティナA,ゴースト,ドラゴン,100,120,100,120,150,90
563,487-1,ギラティナO,ゴースト,ドラゴン,120,100,120,100,150,90
564,488,クレセリア,エスパー,,70,120,75,130,120,85
565,489,フィオネ,みず,,80,80,80,80,80,80
566,490,マナフィ,みず,,100,100,100,100,100,100
567,491,ダークライ,あく,,90,90,135,90,70,125
568,492,シェイミL,くさ,,100,100,100,100,100,100
569,492-1,シェイミS,くさ,ひこう,103,75,120,75,100,127
570,493,アルセウス,ノーマル,,120,120,120,120,120,120
571,494,ビクティニ,エスパー,ほのお,100,100,100,100,100,100
572,495,ツタージャ,くさ,,45,55,45,55,45,63
573,496,ジャノビー,くさ,,60,75,60,75,60,83
574,497,ジャローダ,くさ,,75,95,75,95,75,113
575,498,ポカブ,ほのお,,63,45,45,45,65,45
576,499,チャオブー,ほのお,かくとう,93,55,70,55,90,55
577,500,エンブオー,ほのお,かくとう,123,65,100,65,110,65
578,501,ミジュマル,みず,,55,45,63,45,55,45
579,502,フタチマル,みず,,75,60,83,60,75,60
580,503,ダイケンキ,みず,,100,85,108,70,95,70
581,504,ミネズミ,ノーマル,,55,39,35,39,45,42
582,505,ミルホッグ,ノーマル,,85,69,60,69,60,77
583,506,ヨーテリー,ノーマル,,60,45,25,45,45,55
584,507,ハーデリア,ノーマル,,80,65,35,65,65,60
585,508,ムーランド,ノーマル,,110,90,45,90,85,80
586,509,チョロネコ,あく,,50,37,50,37,41,66
587,510,レパルダス,あく,,88,50,88,50,64,106
588,511,ヤナップ,くさ,,53,48,53,48,50,64
589,512,ヤナッキー,くさ,,98,63,98,63,75,101
590,513,バオップ,ほのお,,53,48,53,48,50,64
591,514,バオッキー,ほのお,,98,63,98,63,75,101
592,515,ヒヤップ,みず,,53,48,53,48,50,64
593,516,ヒヤッキー,みず,,98,63,98,63,75,101
594,517,ムンナ,エスパー,,25,45,67,55,76,24
595,518,ムシャーナ,エスパー,,55,85,107,95,116,29
596,519,マメパト,ノーマル,ひこう,55,50,36,30,50,43
597,520,ハトーボー,ノーマル,ひこう,77,62,50,42,62,65
598,521,ケンホロウ,ノーマル,ひこう,115,80,65,55,80,93
599,522,シママ,でんき,,60,32,50,32,45,76
600,523,ゼブライカ,でんき,,100,63,80,63,75,116
601,524,ダンゴロ,いわ,,75,85,25,25,55,15
602,525,ガントル,いわ,,105,105,50,40,70,20
603,526,ギガイアス,いわ,,135,130,60,80,85,25
604,527,コロモリ,エスパー,ひこう,45,43,55,43,65,72
605,528,ココロモリ,エスパー,ひこう,57,55,77,55,67,114
606,529,モグリュー,じめん,,85,40,30,45,60,68
607,530,ドリュウズ,じめん,はがね,135,60,50,65,110,88
608,531,タブンネ,ノーマル,,60,86,60,86,103,50
609,531-1,メガタブンネ,ノーマル,フェアリー,60,126,80,126,103,50
610,532,ドッコラー,かくとう,,80,55,25,35,75,35
611,533,ドテッコツ,かくとう,,105,85,40,50,85,40
612,534,ローブシン,かくとう,,140,95,55,65,105,45
613,535,オタマロ,みず,,50,40,50,40,50,64
614,536,ガマガル,みず,じめん,65,55,65,55,75,69
615,537,ガマゲロゲ,みず,じめん,95,75,85,75,105,74
616,538,ナゲキ,かくとう,,100,85,30,85,120,45
617,539,ダゲキ,かくとう,,125,75,30,75,75,85
618,540,クルミル,むし,くさ,53,70,40,60,45,42
619,541,クルマユ,むし,くさ,63,90,50,80,55,42
620,542,ハハコモリ,むし,くさ,103,80,70,80,75,92
621,543,フシデ,むし,どく,45,59,30,39,30,57
622,544,ホイーガ,むし,どく,55,99,40,79,40,47
623,545,ペンドラー,むし,どく,100,89,55,69,60,112
624,546,モンメン,くさ,フェアリー,27,60,37,50,40,66
625,547,エルフーン,くさ,フェアリー,67,85,77,75,60,116
626,548,チュリネ,くさ,,35,50,70,50,45,30
627,549,ドレディア,くさ,,60,75,110,75,70,90
628,550,バスラオ赤,みず,,92,65,80,55,70,98
629,550-1,バスラオ青,みず,,92,65,80,55,70,98
630,551,メグロコ,じめん,あく,72,35,35,35,50,65
631,552,ワルビル,じめん,あく,82,45,45,45,60,74
632,553,ワルビアル,じめん,あく,117,80,65,70,95,92
633,554,ダルマッカ,ほのお,,90,45,15,45,70,50
634,555,ヒヒダルマN,ほのお,,140,55,30,55,105,95
635,555-1,ヒヒダルマD,ほのお,エスパー,30,105,140,105,105,55
636,556,マラカッチ,くさ,,86,67,106,67,75,60
637,557,イシズマイ,むし,いわ,65,85,35,35,50,55
638,558,イワパレス,むし,いわ,105,125,65,75,70,45
639,559,ズルッグ,あく,かくとう,75,70,35,70,50,48
640,560,ズルズキン,あく,かくとう,90,115,45,115,65,58
641,561,シンボラー,エスパー,ひこう,58,80,103,80,72,97
642,562,デスマス,ゴースト,,30,85,55,65,38,30
643,563,デスカーン,ゴースト,,50,145,95,105,58,30
644,564,プロトーガ,みず,いわ,78,103,53,45,54,22
645,565,アバゴーラ,みず,いわ,108,133,83,65,74,32
646,566,アーケン,いわ,ひこう,112,45,74,45,55,70
647,567,アーケオス,いわ,ひこう,140,65,112,65,75,110
648,568,ヤブクロン,どく,,50,62,40,62,50,65
649,569,ダストダス,どく,,95,82,60,82,80,75
650,570,ゾロア,あく,,65,40,80,40,40,65
651,571,ゾロアーク,あく,,105,60,120,60,60,105
652,572,チラーミィ,ノーマル,,50,40,40,40,55,75
653,573,チラチーノ,ノーマル,,95,60,65,60,75,115
654,574,ゴチム,エスパー,,30,50,55,65,45,45
655,575,ゴチミル,エスパー,,45,70,75,85,60,55
656,576,ゴチルゼル,エスパー,,55,95,95,110,70,65
657,577,ユニラン,エスパー,,30,40,105,50,45,20
658,578,ダブラン,エスパー,,40,50,125,60,65,30
659,579,ランクルス,エスパー,,65,75,125,85,110,30
660,580,コアルヒー,みず,ひこう,44,50,44,50,62,55
661,581,スワンナ,みず,ひこう,87,63,87,63,75,98
662,582,バニプッチ,こおり,,50,50,65,60,36,44
663,583,バニリッチ,こおり,,65,65,80,75,51,59
664,584,バイバニラ,こおり,,95,85,110,95,71,79
665,585,シキジカ,ノーマル,むし,60,50,40,50,60,75
666,586,メブキジカ,ノーマル,むし,100,70,60,70,80,95
667,587,エモンガ,でんき,ひこう,75,60,75,60,55,103
668,588,カブルモ,むし,,75,45,40,45,50,60
669,589,シュバルゴ,むし,はがね,135,105,60,105,70,20
670,590,タマゲタケ,くさ,どく,55,45,55,55,69,15
671,591,モロバレル,くさ,どく,85,70,85,80,114,30
672,592,プルリル,みず,ゴースト,40,50,65,85,55,40
673,593,ブルンゲル,みず,ゴースト,60,70,85,105,100,60
674,594,ママンボウ,みず,,75,80,40,45,165,65
675,595,バチュル,むし,でんき,47,50,57,50,50,65
676,596,デンチュラ,むし,でんき,77,60,97,60,70,108
677,597,テッシード,くさ,はがね,50,91,24,86,44,10
678,598,ナットレイ,くさ,はがね,94,131,54,116,74,20
679,599,ギアル,はがね,,55,70,45,60,40,30
680,600,ギギアル,はがね,,80,95,70,85,60,50
681,601,ギギギアル,はがね,,100,115,70,85,60,90
682,602,シビシラス,でんき,,55,40,45,40,35,60
683,603,シビビール,でんき,,85,70,75,70,65,40
684,604,シビルドン,でんき,,115,80,105,80,85,50
685,605,リグレー,エスパー,,55,55,85,55,55,30
686,606,オーベム,エスパー,,75,75,125,95,75,40
687,607,ヒトモシ,ゴースト,ほのお,30,55,65,55,50,20
688,608,ランプラー,ゴースト,ほのお,40,60,95,60,60,55
689,609,シャンデラ,ゴースト,ほのお,55,90,145,90,60,80
690,610,キバゴ,ドラゴン,,87,60,30,40,46,57
691,611,オノンド,ドラゴン,,117,70,40,50,66,67
692,612,オノノクス,ドラゴン,,147,90,60,70,76,97
693,613,クマシュン,こおり,,70,40,60,40,55,40
694,614,ツンベアー,こおり,,130,80,70,80,95,50
695,615,フリージオ,こおり,,50,50,95,135,80,105
696,616,チョボマキ,むし,,40,85,40,65,50,25
697,617,アギルダー,むし,,70,40,100,60,80,145
698,618,マッギョ,じめん,でんき,66,84,81,99,109,32
699,619,コジョフー,かくとう,,85,50,55,50,45,65
700,620,コジョンド,かくとう,,125,60,95,60,65,105
701,621,クリムガン,ドラゴン,,120,90,60,90,77,48
702,622,ゴビット,じめん,ゴースト,74,50,35,50,59,35
703,623,ゴルーグ,じめん,ゴースト,124,80,55,80,89,55
704,624,コマタナ,あく,はがね,85,70,40,40,45,60
705,625,キリキザン,あく,はがね,125,100,60,70,65,70
706,626,バッフロン,ノーマル,,110,95,40,95,95,55
707,627,ワシボン,ノーマル,ひこう,83,50,37,50,70,60
708,628,ウォーグル,ノーマル,ひこう,123,75,57,75,100,80
709,629,バルチャイ,あく,ひこう,55,75,45,65,70,60
710,630,バルジーナ,あく,ひこう,65,105,55,95,110,80
711,631,クイタラン,ほのお,,97,66,105,66,85,65
712,632,アイアント,むし,はがね,109,112,48,48,58,109
713,633,モノズ,あく,ドラゴン,65,50,45,50,52,38
714,634,ジヘッド,あく,ドラゴン,85,70,65,70,72,58
715,635,サザンドラ,あく,ドラゴン,105,90,125,90,92,98
716,636,メラルバ,むし,ほのお,85,55,50,55,55,60
717,637,ウルガモス,むし,ほのお,60,65,135,105,85,100
718,638,コバルオン,はがね,かくとう,90,129,90,72,91,108
719,639,テラキオン,いわ,かくとう,129,90,72,90,91,108
720,640,ビリジオン,くさ,かくとう,90,72,90,129,91,108
721,641,トルネロス化身,ひこう,,115,70,125,80,79,111
722,641-1,トルネロス霊獣,ひこう,,100,80,110,90,79,121
723,642,ボルトロス化身,でんき,ひこう,115,70,125,80,79,111
724,642-1,ボルトロス霊獣,でんき,ひこう,105,70,145,80,79,101
725,643,レシラム,ドラゴン,ほのお,120,100,150,120,100,90
726,644,ゼクロム,ドラゴン,でんき,150,120,120,100,100,90
727,645,ランドロス化身,じめん,ひこう,125,90,115,80,89,101
728,645-1,ランドロス霊獣,じめん,ひこう,145,90,105,80,89,91
729,646,キュレム,ドラゴン,こおり,130,90,130,90,125,95
730,646-1,ブラックキュレム,ドラゴン,こおり,170,100,120,90,125,95
731,646-2,ホワイトキュレム,ドラゴン,こおり,120,90,170,100,125,95
732,647,ケルディオ,みず,かくとう,72,90,129,90,91,108
733,647-1,ケルディオ覚悟,みず,かくとう,72,90,129,90,91,108
734,648,メロエッタＶ,ノーマル,エスパー,77,77,128,128,100,90
735,648-1,メロエッタＳ,ノーマル,かくとう,128,90,77,77,100,128
736,649,ゲノセクト,むし,はがね,120,95,120,95,71,99
737,650,ハリマロン,くさ,,61,65,48,45,56,38
738,651,ハリボーグ,くさ,,78,95,56,58,61,57
739,652,ブリガロン,くさ,かくとう,107,122,74,75,88,64
740,653,フォッコ,ほのお,,45,40,62,60,40,60
741,654,テールナー,ほのお,,59,58,90,70,59,73
742,655,マフォクシー,ほのお,エスパー,69,72,114,100,75,104
743,656,ケロマツ,みず,,56,40,62,44,41,71
744,657,ゲコガシラ,みず,,63,52,83,56,54,97
745,658,ゲッコウガ,みず,あく,95,67,103,71,72,122
746,659,ホルビー,ノーマル,,36,38,32,36,38,57
747,660,ホルード,ノーマル,じめん,56,77,50,77,85,78
748,661,ヤヤコマ,ノーマル,ひこう,50,43,40,38,45,62
749,662,ヒノヤコマ,ほのお,ひこう,73,55,56,52,62,84
750,663,ファイアロー,ほのお,ひこう,81,71,74,69,78,126
751,664,コフキムシ,むし,,35,40,27,25,38,35
752,665,コフーライ,むし,,22,60,27,30,45,29
753,666,ビビヨン,むし,ひこう,52,50,90,50,80,89
754,667,シシコ,ほのお,ノーマル,50,58,73,54,62,72
755,668,カエンジシ,ほのお,ノーマル,68,72,109,66,86,106
756,669,フラベベ,フェアリー,,38,39,61,79,44,42
757,670,フラエッテ,フェアリー,,45,47,75,98,54,52
758,670-1,フラエッテＡＺ,フェアリー,,65,67,125,128,74,92
759,671,フラージェス,フェアリー,,65,68,112,154,78,75
760,672,メェークル,くさ,,65,48,62,57,66,52
761,673,ゴーゴート,くさ,,100,62,97,81,123,68
762,674,ヤンチャム,かくとう,,82,62,46,48,67,43
763,675,ゴロンダ,かくとう,あく,124,78,69,71,95,58
764,676,トリミアン,ノーマル,,80,60,65,90,75,102
765,677,ニャスパー,エスパー,,48,54,63,60,62,68
766,678,ニャオニクス♂,エスパー,,48,76,83,81,74,104
767,678-1,ニャオニクス♀,エスパー,,48,76,83,81,74,104
768,679,ヒトツキ,はがね,ゴースト,80,100,35,37,45,28
769,680,ニダンギル,はがね,ゴースト,110,150,45,49,59,35
770,681,ギルガルド盾,はがね,ゴースト,50,150,50,150,60,60
771,681-1,ギルガルド剣,はがね,ゴースト,150,50,150,50,60,60
772,682,シュシュプ,フェアリー,,52,60,63,65,78,23
773,683,フレフワン,フェアリー,,72,72,99,89,101,29
774,684,ペロッパフ,フェアリー,,48,66,59,57,62,49
775,685,ペロリーム,フェアリー,,80,86,85,75,82,72
776,686,マーイーカ,あく,エスパー,54,53,37,46,53,45
777,687,カラマネロ,あく,エスパー,92,88,68,75,86,73
778,688,カメテテ,いわ,みず,52,67,39,56,42,50
779,689,ガメノデス,いわ,みず,105,115,54,86,72,68
780,690,クズモー,どく,みず,60,60,60,60,50,30
781,691,ドラミドロ,どく,ドラゴン,75,90,97,123,65,44
782,692,ウデッポウ,みず,,53,62,58,63,50,44
783,693,ブロスター,みず,,73,88,120,89,71,59
784,694,エリキテル,でんき,ノーマル,38,33,61,43,44,70
785,695,エレザード,でんき,ノーマル,55,52,109,94,62,109
786,696,チゴラス,いわ,ドラゴン,89,77,45,45,58,48
787,697,ガチゴラス,いわ,ドラゴン,121,119,69,59,82,71
788,698,アマルス,いわ,こおり,59,50,67,63,77,46
789,699,アマルルガ,いわ,こおり,77,72,99,92,123,58
790,700,ニンフィア,フェアリー,,65,65,110,130,95,60
791,701,ルチャブル,かくとう,ひこう,92,75,74,63,78,118
792,702,デデンネ,でんき,フェアリー,58,57,81,67,67,101
793,703,メレシー,いわ,フェアリー,50,150,50,150,50,50
794,704,ヌメラ,ドラゴン,,50,35,55,75,45,40
795,705,ヌメイル,ドラゴン,,75,53,83,113,68,60
796,706,ヌメルゴン,ドラゴン,,100,70,110,150,90,80
797,707,クレッフィ,はがね,フェアリー,80,91,80,87,57,75
798,708,ボクレー,ゴースト,くさ,70,48,50,60,43,38
799,709,オーロット,ゴースト,くさ,110,76,65,82,85,56
800,710,バケッチャ,ゴースト,くさ,66,70,44,55,49,51
801,710,バケッチャ小,ゴースト,くさ,66,70,44,55,44,56
802,710,バケッチャ大,ゴースト,くさ,66,70,44,55,54,46
803,710,バケッチャ特大,ゴースト,くさ,66,70,44,55,59,41
804,711,パンプジン,ゴースト,くさ,90,122,58,75,65,84
805,711,パンプジン小,ゴースト,くさ,85,122,58,75,55,99
806,711,パンプジン大,ゴースト,くさ,95,122,58,75,75,69
807,711,パンプジン特大,ゴースト,くさ,100,122,58,75,85,54
808,712,カチコール,こおり,,69,85,32,35,55,28
809,713,クレベース,こおり,,117,184,44,46,95,28
810,714,オンバット,ひこう,ドラゴン,30,35,45,40,40,55
811,715,オンバーン,ひこう,ドラゴン,70,80,97,80,85,123
812,716,ゼルネアス,フェアリー,,131,95,131,98,126,99
813,717,イベルタル,あく,ひこう,131,95,131,98,126,99
814,718,ジガルデ10%,ドラゴン,じめん,71,61,85,115,100,486
815,718-1,ジガルデ50%,ドラゴン,じめん,121,81,95,95,100,600
816,718-2,ジガルデ完全,ドラゴン,じめん,100,121,91,95,216,85
817,719,ディアンシー,いわ,フェアリー,100,150,100,150,50,50
818,719-1,メガディアンシー,いわ,フェアリー,160,110,160,110,50,110
819,720,フーパ(戒め),エスパー,ゴースト,110,60,150,130,80,70
820,720-1,フーパ(解放),エスパー,あく,160,60,170,130,80,80
821,721,ボルケニオン,ほのお,みず,110,120,130,90,80,70
822,722,モクロー,くさ,ひこう,55,55,50,50,68,42
823,723,フクスロー,くさ,ひこう,75,75,70,70,78,52
824,724,ジュナイパー,くさ,ゴースト,107,75,100,100,78,70
825,725,ニャビー,ほのお,,65,40,60,40,45,70
826,726,ニャヒート,ほのお,,85,50,80,50,65,90
827,727,ガオガエン,ほのお,あく,115,90,80,90,95,60
828,728,アシマリ,みず,,54,54,66,56,50,40
829,729,オシャマリ,みず,,69,69,91,81,60,50
830,730,アシレーヌ,みず,フェアリー,74,74,126,116,80,60
831,731,ツツケラ,ノーマル,ひこう,75,30,30,30,35,65
832,732,ケララッパ,ノーマル,ひこう,85,50,40,50,55,75
833,733,ドデカバシ,ノーマル,ひこう,120,75,75,75,80,60
834,734,ヤングース,ノーマル,,70,30,30,30,48,45
835,735,デカグース,ノーマル,,110,60,55,60,88,45
836,736,アゴジムシ,むし,,62,45,55,45,47,46
837,737,デンヂムシ,むし,でんき,82,95,55,75,57,36
838,738,クワガノン,むし,でんき,70,90,145,75,77,43
839,739,マケンカニ,かくとう,,82,57,42,47,47,63
840,740,ケケンカニ,かくとう,こおり,132,77,62,67,97,43
841,741,オドリドリ(めらめら),ほのお,ひこう,70,70,98,70,75,93
842,741-1,オドリドリ(ぱちぱち),でんき,ひこう,70,70,98,70,75,93
843,741-2,オドリドリ(ふらふら),エスパー,ひこう,70,70,98,70,75,93
844,741-3,オドリドリ(まいまい),ゴースト,ひこう,70,70,98,70,75,93
845,742,アブリー,むし,フェアリー,45,40,55,40,40,84
846,743,アブリボン,むし,フェアリー,55,60,95,70,60,124
847,744,イワンコ,いわ,,65,40,30,40,45,60
848,745,ルガルガン昼,いわ,,115,65,55,65,75,112
849,745-1,ルガルガン夜,いわ,,115,75,55,75,85,82
850,746,ヨワシ,みず,,20,20,25,25,45,40
851,746-1,ヨワシ(群れ),みず,,140,130,140,135,45,30
852,747,ヒドイデ,どく,みず,53,62,43,52,50,45
853,748,ドヒドイデ,どく,みず,63,152,53,142,50,35
854,749,ドロバンコ,じめん,,100,70,45,55,70,45
855,750,バンバドロ,じめん,,125,100,55,85,100,35
856,751,シズクモ,みず,むし,40,52,40,72,38,27
857,752,オニシズクモ,みず,むし,70,92,50,132,68,42
858,753,カリキリ,くさ,,55,35,50,35,40,35
859,754,ラランテス,くさ,,105,90,80,90,70,45
860,755,ネマシュ,くさ,フェアリー,35,55,65,75,40,15
861,756,マシェード,くさ,フェアリー,45,80,90,100,60,30
862,757,ヤトウモリ,どく,ほのお,44,40,71,40,48,77
863,758,エンニュート,どく,ほのお,64,60,111,60,68,117
864,759,ヌイコグマ,ノーマル,かくとう,75,50,45,50,70,50
865,760,キテルグマ,ノーマル,かくとう,125,80,55,60,120,60
866,761,アマカジ,くさ,,30,38,30,38,42,32
867,762,アママイコ,くさ,,40,48,40,48,52,62
868,763,アマージョ,くさ,,120,98,50,98,72,72
869,764,キュワワー,フェアリー,,52,90,82,110,51,100
870,765,ヤレユータン,ノーマル,エスパー,60,80,90,110,90,60
871,766,ナゲツケサル,かくとう,,120,90,40,60,100,80
872,767,コソクムシ,むし,みず,35,40,20,30,25,80
873,768,グソクムシャ,むし,みず,125,140,60,90,75,40
874,769,スナバァ,ゴースト,じめん,55,80,70,45,55,15
875,770,シロデスナ,ゴースト,じめん,75,110,100,75,85,35
876,771,ナマコブシ,みず,,60,130,30,130,55,5
877,772,タイプ：ヌル,ノーマル,,95,95,95,95,95,59
878,773,シルヴァディ,ノーマル,,95,95,95,95,95,95
879,774,メテノ(流星),いわ,ひこう,60,100,60,100,60,60
880,774-1,メテノ(コア),いわ,ひこう,100,60,100,60,60,120
881,775,ネッコアラ,ノーマル,,115,65,75,95,65,65
882,776,バクガメス,ほのお,ドラゴン,78,135,91,85,60,36
883,777,トゲデマル,でんき,はがね,98,63,40,73,65,96
884,778,ミミッキュ,ゴースト,フェアリー,90,80,50,105,55,96
885,779,ハギギシリ,みず,エスパー,105,70,70,70,68,92
886,780,ジジーロン,ノーマル,ドラゴン,60,85,135,91,78,36
887,781,ダダリン,ゴースト,くさ,131,100,86,90,70,40
888,782,ジャラコ,ドラゴン,,55,65,45,45,45,45
889,783,ジャランゴ,ドラゴン,かくとう,75,90,65,70,55,65
890,784,ジャラランガ,ドラゴン,かくとう,110,125,100,105,75,85
891,785,カプ・コケコ,でんき,フェアリー,115,85,95,75,70,130
892,786,カプ・テテフ,エスパー,フェアリー,85,75,130,115,70,95
893,787,カプ・ブルル,くさ,フェアリー,130,115,85,95,70,75
894,788,カプ・レヒレ,みず,フェアリー,75,115,95,130,70,85
895,789,コスモッグ,エスパー,,29,31,29,31,43,37
896,790,コスモウム,エスパー,,29,131,29,131,43,37
897,791,ソルガレオ,エスパー,はがね,137,107,113,89,137,97
898,792,ルナアーラ,エスパー,ゴースト,113,89,137,107,137,97
899,793,ウツロイド,いわ,どく,53,47,127,131,109,103
900,794,マッシブーン,むし,かくとう,139,139,53,53,107,79
901,795,フェローチェ,むし,かくとう,137,37,137,37,71,151
902,796,デンジュモク,でんき,,89,71,173,71,83,83
903,797,テッカグヤ,はがね,ひこう,101,103,107,101,97,61
904,798,カミツルギ,くさ,はがね,181,131,59,31,59,109
905,799,アクジキング,あく,ドラゴン,101,53,97,53,223,43
906,800,ネクロズマ,エスパー,,107,101,127,89,97,79
